<data>
	<event id="2">
		<start_date><![CDATA[2017-06-30 12:00:00]]></start_date>
		<end_date><![CDATA[2017-06-30 14:00:00]]></end_date>
		<text><![CDATA[Section A test]]></text>
		<section_id>1</section_id>
	</event>
	<event id="3">
		<start_date><![CDATA[2017-06-30 10:00:00]]></start_date>
		<end_date><![CDATA[2017-06-30 11:00:00]]></end_date>
		<text><![CDATA[Section B test]]></text>
		<section_id>2</section_id>
	</event>
	<event id="3">
		<start_date><![CDATA[2017-06-1 10:00:00]]></start_date>
		<end_date><![CDATA[2017-07-30 11:00:00]]></end_date>
		<text><![CDATA[Section B test]]></text>
		<section_id>2</section_id>
	</event>
	<event id="4">
		<start_date><![CDATA[2017-06-30 16:00:00]]></start_date>
		<end_date><![CDATA[2017-06-30 18:00:00]]></end_date>
		<text><![CDATA[Section C test]]></text>
		<section_id>3</section_id>
	</event>
	<event id="5">
		<start_date><![CDATA[2017-06-30 10:00:00]]></start_date>
		<end_date><![CDATA[2017-06-30 15:00:00]]></end_date>
		<text><![CDATA[Section D test]]></text>
		<section_id>4</section_id>
	</event>
	<event id="6">
		<start_date><![CDATA[2017-06-29 12:00:00]]></start_date>
		<end_date><![CDATA[2017-06-29 14:00:00]]></end_date>
		<text><![CDATA[day before test]]></text>
		<section_id>1</section_id>
	</event>
	<event id="7">
		<start_date><![CDATA[2017-07-1 12:00:00]]></start_date>
		<end_date><![CDATA[2017-07-1 14:00:00]]></end_date>
		<text><![CDATA[day after test]]></text>
		<section_id>1</section_id>
	</event>
</data>